title,link,snippet
Group practice of Transcendental Meditation dramatically reduced ...,https://www.eurekalert.org/news-releases/744773,"May 23, 2019 ... The group practice of the Transcendental Meditation® and TM-Sidhi® programs in Cambodia between 1993 and 2008 was associated with a 96.2% ..."
캄보디아 테크팀 밑 TM 직원 모집,https://philsamo.com/bbs/board.php?bo_table=job0&wr_id=418,안녕하세요 캄보디아에 위치한 테크팀에서 신규 직원 여러분을 모집합니다. 주식레버리지. 모집인원 00명 (상시모집). 모집 분야 리딩방운영 (남녀무관) / tm (여성만).
해외취업취직⛳텔레⛳@TM3651⛳해외티엠TM✿해외구인구직 ...,https://tigfood.com/article/%EC%9E%90%EC%9C%A0%EA%B2%8C%EC%8B%9C%ED%8C%90/5/350/,"✿고수익급전✿해외장단기TM ✿ 근무지: 캄보디아 프놈펜 ✿ 8:30~17:00 (주말, 공휴일 휴식) ✿ 남녀 무관, 조선족XXX ✿. 작성자 a****(ip:) 작성일 2025-03-12 19:33:59. 조회 ..."
유럽한인총연합회,http://homepy.korean.net/~eu/www/community/job/read.htm?bn=job&fmlid=4574&pkid=223&board_no=4574,"Sep 5, 2025 ... 본사 해외 TM 구인 ❤️ 안녕하십니까! 캄보디아 사무실 확장으로 사장 직속 팀장이 직접 구인합니다.(에이전시 ❌) ⭐️업무: TM ☎️ (초보 가능)"
교민잡지,http://kyominthai.com/sub/sub08.php?board=31,15 hours ago ... 캄보디아에서 가장 탄탄하고 안전한 회사로 탑 일겁니다. 오셔서 몇일 ... 사실적 현실적인 팩트구요 ** 남자 여자 TM직원 or 채팅직원 (구인) 일 쉽습니다.
"캄보디아(프놈펜,시하누크빌) TM팀 급구 / 팀장급 급구 or 중국어 통역 ...",http://www.viethantimes.com/bbs/view.html?idxno=4552,"Jan 17, 2024 ... 캄보디아(프놈펜,시하누크빌) TM팀 급구 / 팀장급 급구 or 중국어 통역,번역 가능자 구합니다. 박진영. 2024-01-17 17:34:13 | 조회: 1098. 첨부파일 ..."
캄보디아 TM업무 (최상의조건 ) > 구인.구직 | 위해한국인(상)회,https://weihai.korean.net/bbs/board.php?bo_table=job&wr_id=2929,캄보디아. TM업무 남여 직원구인. 기본급1000불~3000불 인센 7프로~13프로 입니다. 동종 업종에선 최고 높은 인센입니다. 매출 단위가 상당히 큰 업무 이구
Contact Us | UPS - Cambodia,https://www.ups.com/kh/en/contact,"281, Preah Norodom Blvd Unit 604, Level 6, Building TM 281 Office Tower Sangkat Tonle Bassac, Khan Chamkarmon Phnom Penh, Cambodia Postal Code 12301"
해외구인/캄보디아/채터/TM/통역/직원모집!!! > 구인・구직 | 재일본 ...,https://haninhe.com/recruit/50068?sca=%EA%B5%AC%EC%9D%B8&page=1,캄보디아 프놈펜&바벳 두 곳에서 직원 모집합니다. 1.로맨스 ▫위치: 캄보디아.(바벳- 캄보디아 베트남 국경) ▫나이 : 20 ...
YCH and IFC ink Second Partnership to develop Smart Logistics ...,https://www.ych.com/press-release/2023-02-16/,"Feb 16, 2023 ... The Cambodia SuperPortTM (or Phnom Penh Logistics Complex PPLC) was unveiled during the 41st ASEAN Summit in Phnom Penh, witnessed by H.E. Akka ..."
SHINHAN BANK (CAMBODIA) PLC SWIFT 코드 | Remitly,https://www.remitly.com/us/ko/swift-codes/cambodia/shbkkhppxxx/shinhan-bank-cambodia-plc,"캄보디아 SHINHAN BANK (CAMBODIA) PLC의 SWIFT 코드는 SHBKKHPPXXX ... Remitly, Inc.는 송금 업체 뉴욕주 금융 서비스부, PR(TM-143), MA의 해외 송금 ..."
New PC in Cambodia - ccComputerKH.com,https://cccomputerkh.com/newpc.html,- Code : S4|30U0303P636A4-D50. ASUS NUC Pro Mini PC | NUC14RVH AI-Enabled Mini PC Arc™ GPU. $589. - Intel Core™ 3 Processor 100U - DDR5 16GB / 512GB PCIe 4.0
Cambodia Trademark Search,https://www.nominus.com/en/tm/cambodia-trademark-search,"Search Cambodian trademark database. Search your trademark in Cambodia by name, number, or owner's name."
L&E International Ltd. - Sustainable Packaging Solutions,https://www.le-intl.com/,"... Cambodia, Bangladesh, Indonesia, Thailand, Taiwan and China. Supply Chain ... Mozaic™. Bio-based Bags. Jockey_001 for web.png. Apparel Packaging. shipping ..."
(주) 이나인크레딧 채용 - 캄보디아 고객상담원 모집 | 탤런트링크,https://talent-link.co.kr/employment_pt_detail?jvrt_idx=1458&,"(주) 이나인크레딧 고객상담·TM,마케팅·홍보·조사,영업·판매 일반직 채용정보."
이번에 캄보디아로 일하러 - 포커고수,https://www.pokergosu.com/free/35701796/?s=1&v=%EC%BA%84%EB%B3%B4&page=7,. 답글달기. icon dark_icon. MNM. 2024.02.16 19:39:15. 루징TM 이 뭐냐. 1. 답글달기. icon dark_icon. 반고흐. 2024.02.16 21:02:38. 가도 카지노 있는 국가로 간다고?
캄보디아 여행의 최고 선물 캄폿후추 : 네이버 블로그,https://m.blog.naver.com/vikitour_boss/221994222904,"Jun 9, 2020 ... 캄보디아 내륙 최남단이 캄폿이다. 약간 다른 얘기지만 보통 한국가정 ... TM. Poivre Kampot. laplantation.ca. ​. 향후 비키투어 사이트에서 핸드 ..."
[세계여행 캄보디아] 여행을 마무리 하며 음식 이야기 : 네이버 블로그,https://blog.naver.com/PostView.naver?blogId=osb524&logNo=220879745661,"Dec 7, 2016 ... 으아 이걸로 말하자면 맛이 정말 없다 고기는 짜고 무슨 맛인지 모르겠다. 캄보디아는 그럴 듯한 딱 이런 음식이 없다는데... 이건 먹다가 남겼다. 심지어 ..."
나홀로 캄보디아 셋째 날 시아누크빌 여행 : 네이버 블로그,https://m.blog.naver.com/tyqwer4716/223382675746,"Mar 14, 2024 ... 여행 셋째 날. 이날은 J형님과 함께 캄보디아 남쪽에 있는 시한욱빌을 가기로 한 날이다. ​. ​. 5성급 나가 호텔의 조식. 전날 술을 꽤 마셔서 해장이 ..."
캄보디아 씨엠립 스타벅스 공항에서 시티 텀블러 구매했습니다 ...,https://blog.naver.com/esb2967/221515975755?viewType=pc,"Apr 17, 2019 ... 저는 캄보디아 씨엠립 공항점으로 방문했습니다. 해외봉사 중이였기 때문에. 새로 생겼다는 2호점으로는 가지 못했어요 ㅠ. ​. 활동이 ..."
